<?xml version='1.0'?>
<module>
<name>cbLoginHistory</name>
<type>extension</type>
<label>cbLoginHistory</label>
<parent>Settings</parent>
<version>1.0</version>
<short_description>User Login History.</short_description>
<dependencies>
<vtiger_version>5.4.0</vtiger_version>
<vtiger_max_version>5.*</vtiger_max_version>
</dependencies>
<license>
<inline><![CDATA[
 ********************************************************************************
 * Copyright 2016 JPL TSolucio, S.L. -- This file is a part of cbupdater coreBOS Extension.
 * Licensed under the vtiger CRM Public License Version 1.1 (the "License"); you may not use this
 * file except in compliance with the License. You can redistribute it and/or modify it
 * under the terms of the License. JPL TSolucio, S.L. reserves all rights not expressly
 * granted by the License. coreBOS distributed by JPL TSolucio S.L. is distributed in
 * the hope that it will be useful, but WITHOUT ANY WARRANTY; without even the implied
 * warranty of MERCHANTABILITY or FITNESS FOR A PARTICULAR PURPOSE. Unless required by
 * applicable law or agreed to in writing, software distributed under the License is
 * distributed on an "AS IS" BASIS, WITHOUT ANY WARRANTIES OR CONDITIONS OF ANY KIND,
 * either express or implied. See the License for the specific language governing
 * permissions and limitations under the License. You may obtain a copy of the License
 * at <http://corebos.org/documentation/doku.php?id=en:devel:vpl11>
 ********************************************************************************
 *  Module       : coreBOS User Login History.
 *  Version      : 1.0
 *  Author       : JPL TSolucio, S. L.   Joe Bordes
 ********************************************************************************]]></inline>
</license>
<sharingaccess>
<default>private</default>
</sharingaccess>
<actions>
<action>
<name><![CDATA[Merge]]></name>
<status>disabled</status>
</action>
<action>
<name><![CDATA[Import]]></name>
<status>disabled</status>
</action>
<action>
<name><![CDATA[Export]]></name>
<status>disabled</status>
</action>
</actions>
</module>
